"","Study_ID","PFAS","species","location","PFOA_mean","TL_mean","log_PFOA_mean","PFOA_sd","log_PFOA_sd"
"1","S_052","PFOA","species1","location 4",1.577156823,2.70154185,0.197874879110342,0.385385583,0.106121870483115
"2","S_052","PFOA","species2","location 4",2.021420759,2.737885463,0.30565672137904,0.824296941,0.17709703006272
"3","S_052","PFOA","species3","location 4",1.534336203,2.969162996,0.18592053243538,0.594136107,0.168170465029156
"4","S_052","PFOA","species4","location 4",1.218534128,3.200440529,0.0858376971600693,0.251571144,0.089661797018859
"5","S_052","PFOA","species5","location 4",0.961610406,3.398678414,-0.0170008456284341,0.04282062,0.0193391823358409
"6","S_052","PFOA","species6","location 4",0.934847519,3.702643172,-0.0292592202047428,0.04282062,0.0198928259418914
